City_ID,City,Country,Lat,Lng,Max Temp,Humidity,Cloudiness,Wind Speed,Current Weather
0,Lockport,US,41.59,-88.06,88.0,55,1,16.11,Clear
1,Mataura,NZ,-46.19,168.86,45.0,72,71,11.01,Rain
2,Vestmannaeyjar,IS,63.44,-20.27,50.34,78,0,13.0,Clear
3,Yar-Sale,RU,66.83,70.83,52.27,90,27,5.57,Clouds
4,Tuktoyaktuk,CA,69.45,-133.04,48.2,76,20,10.29,Clouds
5,Candido Mendes,BR,-1.45,-45.72,76.19,88,11,4.65,Clouds
6,Porto Walter,BR,-8.27,-72.74,78.06,50,38,2.59,Clouds
7,Vallenar,CL,-28.57,-70.76,56.28,51,0,1.61,Clear
8,Portland,US,45.52,-122.68,82.99,34,1,6.93,Clear
9,Ixtapa,MX,20.7,-105.2,86.0,74,90,8.05,Clouds
10,Richards Bay,ZA,-28.78,32.04,60.6,66,54,1.88,Clouds
11,Gravdal,NO,68.12,13.5,48.58,67,77,10.07,Clouds
12,Ancud,CL,-41.87,-73.82,50.0,93,90,10.29,Clouds
13,Luderitz,NA,-26.65,15.16,54.97,78,0,8.34,Clear
14,Bethel,US,41.37,-73.41,71.6,35,1,9.17,Clear
15,Hilo,US,19.73,-155.09,84.2,62,1,9.17,Clear
16,Albany,US,42.6,-73.97,66.0,51,87,9.44,Clouds
17,Los Llanos De Aridane,ES,28.66,-17.92,77.0,88,5,9.17,Clear
18,Sungairaya,ID,0.7,108.9,78.42,83,55,8.46,Clouds
19,Pevek,RU,69.7,170.31,36.82,94,100,0.89,Clouds
20,Melfort,CA,52.87,-104.62,73.4,43,1,5.82,Clear
21,Rikitea,PF,-23.12,-134.97,68.65,59,6,5.64,Clear
22,Victoria,HK,22.29,114.16,80.01,90,90,1.99,Rain
23,Ushuaia,AR,-54.8,-68.3,41.0,56,75,2.86,Clouds
24,Punta Arenas,CL,-53.15,-70.92,39.0,86,90,11.41,Rain
25,Mazatlan,MX,23.22,-106.42,89.01,66,75,9.17,Clouds
26,Butaritari,KI,3.07,172.79,81.86,67,0,1.77,Clear
27,Nome,US,64.5,-165.41,57.0,76,90,9.17,Rain
28,Bud,US,39.45,-86.18,82.99,69,1,4.7,Clear
29,Praia Da Vitoria,PT,38.73,-27.07,77.0,88,40,5.82,Clouds
30,Maniitsoq,GL,65.42,-52.9,47.93,74,34,5.48,Clouds
31,Vaini,TO,-21.2,-175.2,80.6,65,20,9.17,Clouds
32,Payson,US,40.04,-111.73,97.0,13,40,8.05,Clouds
33,Narsaq,GL,60.92,-46.05,50.0,61,0,5.82,Clear
34,East London,ZA,-33.02,27.91,59.68,69,95,16.42,Clouds
35,Atasu,KZ,48.68,71.64,60.94,42,12,6.22,Clouds
36,Ostrovnoy,RU,68.05,39.51,50.54,94,100,18.99,Rain
37,Torbay,CA,47.67,-52.73,63.0,100,90,11.41,Clouds
38,Uhlove,UA,44.82,33.6,68.83,80,46,0.25,Clouds
39,New Norfolk,AU,-42.78,147.06,54.0,79,82,4.0,Clouds
40,Chokurdakh,RU,70.63,147.92,40.66,90,99,6.82,Clouds
41,Olean,US,42.08,-78.43,73.99,88,75,4.7,Clouds
42,Kodiak,US,57.79,-152.41,55.4,76,90,5.82,Rain
43,Haines Junction,CA,60.75,-137.51,58.08,45,67,8.5,Clouds
44,Pran Buri,TH,12.38,99.91,78.8,69,20,1.12,Clouds
45,Dabakala,CI,8.37,-4.43,72.03,90,10,1.99,Clear
46,Necochea,AR,-38.55,-58.74,52.0,99,96,5.99,Rain
47,Diffa,NE,13.32,12.61,77.65,76,54,7.23,Clouds
48,Pangnirtung,CA,66.15,-65.71,46.6,73,64,2.35,Clouds
49,Itoman,JP,26.12,127.67,82.4,88,75,11.41,Rain
50,Ayagoz,KZ,47.97,80.44,57.76,45,90,5.88,Clouds
51,Ribeira Grande,PT,38.52,-28.7,74.07,88,72,4.25,Clouds
52,Lompoc,US,34.64,-120.46,68.0,68,1,14.99,Clear
53,Sabang,ID,5.89,95.32,81.95,72,70,4.99,Rain
54,Barrow,US,71.29,-156.79,39.2,93,90,17.22,Mist
55,Atuona,PF,-9.8,-139.03,78.44,76,36,20.18,Clouds
56,Georgetown,MY,5.41,100.34,78.8,88,20,3.36,Haze
57,Lebu,CL,-37.62,-73.65,49.46,88,90,13.49,Clouds
58,Severnyy,RU,50.68,36.55,57.2,82,63,6.71,Clouds
59,Santa Rosa,PH,14.31,121.11,86.0,79,67,2.24,Clouds
60,Okmulgee,US,35.62,-95.96,80.6,57,1,11.41,Clear
61,Ingham,US,42.6,-84.38,86.0,55,40,3.36,Clouds
62,Busselton,AU,-33.65,115.33,51.01,85,21,5.86,Clouds
63,Manta,EC,-0.95,-80.73,75.2,73,20,9.17,Clouds
64,Avarua,CK,-21.21,-159.78,77.0,65,52,4.7,Clouds
65,Fortuna,US,40.6,-124.16,61.0,93,90,17.22,Clouds
66,Kupang,ID,-10.17,123.58,82.4,58,20,10.29,Clouds
67,Salalah,OM,17.02,54.09,77.0,94,90,2.24,Clouds
68,Sao Filipe,CV,14.9,-24.5,78.35,86,73,10.09,Clouds
69,Mar Del Plata,AR,-38.0,-57.56,59.0,93,40,4.7,Clouds
70,Taltal,CL,-25.4,-70.48,56.97,68,0,4.79,Clear
71,Bojnurd,IR,37.47,57.33,57.2,47,0,2.24,Clear
72,Labuhan,ID,-6.88,112.21,76.01,75,78,9.86,Clouds
73,Eyl,SO,7.98,49.82,76.75,74,98,21.0,Clouds
74,Chardara,KZ,41.25,67.97,65.82,61,0,7.78,Clear
75,Fare,PF,-16.7,-151.02,78.8,74,15,10.4,Clouds
76,Sao Gabriel Da Cachoeira,BR,-0.13,-67.09,77.58,76,18,2.66,Rain
77,Port Alfred,ZA,-33.59,26.89,58.64,69,80,19.6,Clouds
78,Bredasdorp,ZA,-34.53,20.04,51.8,81,19,3.36,Clouds
79,Cidreira,BR,-30.18,-50.21,62.69,83,7,15.86,Clear
80,Hermanus,ZA,-34.42,19.23,52.0,76,0,15.46,Clear
81,Qaanaaq,GL,77.48,-69.36,37.0,88,100,16.06,Rain
82,Hay River,CA,60.82,-115.8,60.8,82,75,4.7,Rain
83,Severo-Kurilsk,RU,50.68,156.12,53.56,89,100,19.53,Clouds
84,Hambantota,LK,6.12,81.12,78.93,81,56,12.08,Clouds
85,Airai,TL,-8.93,125.41,66.13,70,50,7.74,Clouds
86,Syracuse,IT,37.09,15.28,75.2,83,1,5.82,Clear
87,Tasiilaq,GL,65.61,-37.64,33.8,79,0,8.05,Fog
88,Kyabram,AU,-36.32,145.05,48.99,76,83,3.0,Clouds
89,Kavieng,PG,-2.57,150.8,83.26,73,29,5.26,Rain
90,Cherskiy,RU,68.75,161.3,41.88,86,98,6.85,Clouds
91,Mao,ES,39.89,4.27,73.4,88,0,4.7,Clear
92,Bluff,NZ,-46.6,168.33,45.0,72,63,11.01,Rain
93,Kitimat,CA,54.05,-128.65,60.01,90,70,5.21,Rain
94,Denpasar,ID,-8.65,115.22,78.8,94,40,12.75,Clouds
95,Nalut,LY,30.33,10.85,73.56,49,0,12.66,Clear
96,Poronaysk,RU,49.22,143.12,67.93,78,66,7.9,Clouds
97,Talnakh,RU,69.49,88.4,53.6,93,69,4.47,Clouds
98,Faya,SA,18.39,42.45,71.6,68,96,3.76,Clouds
99,La Romana,DO,18.43,-68.97,82.4,78,40,6.93,Clouds
100,Eau Claire,US,44.81,-91.5,89.6,43,1,16.11,Clear
101,Leningradskiy,RU,69.38,178.42,40.87,84,98,6.4,Clouds
102,Port Elizabeth,ZA,-33.92,25.57,57.2,67,40,17.22,Clouds
103,Tigil,RU,57.8,158.67,47.44,92,100,12.8,Rain
104,Khash,IR,28.22,61.22,68.67,35,45,6.46,Clouds
105,Popondetta,PG,-8.75,148.25,89.37,50,6,2.64,Clear
106,Ferme-Neuve,CA,46.7,-75.45,50.4,70,34,3.69,Clouds
107,Faanui,PF,-16.48,-151.75,77.76,78,24,9.89,Rain
108,Aksay,RU,47.26,39.87,59.0,62,11,4.47,Clouds
109,Hofn,IS,64.25,-15.21,50.67,83,0,6.78,Clear
110,Souillac,MU,-20.52,57.52,71.6,68,75,11.41,Rain
111,Kaitangata,NZ,-46.28,169.85,46.0,72,97,4.0,Rain
112,Srednekolymsk,RU,67.45,153.68,49.59,60,93,10.16,Clouds
113,Picota,PE,-6.92,-76.33,78.31,58,11,1.54,Clouds
114,Codrington,AU,-38.27,141.97,55.98,79,20,17.27,Clouds
115,Hanzhong,CN,33.07,107.03,71.82,83,0,1.32,Clear
116,Sitka,US,57.05,-135.33,60.8,77,75,5.82,Clouds
117,Vizinga,RU,61.07,50.1,58.87,96,100,8.39,Rain
118,Yatou,CN,37.15,122.38,76.15,92,90,11.52,Clouds
119,Half Moon Bay,US,37.46,-122.43,72.0,87,90,11.41,Mist
120,Puerto Ayora,EC,-0.74,-90.35,66.99,91,77,4.0,Clouds
121,Saint-Pierre,RE,-21.34,55.48,66.2,72,41,5.82,Clouds
122,Bilibino,RU,68.05,166.44,41.56,89,100,0.4,Rain
123,Saint-Philippe,RE,-21.36,55.77,68.0,72,51,5.82,Clouds
124,Christchurch,NZ,-43.53,172.63,55.0,76,10,6.93,Rain
125,Carballo,ES,43.21,-8.69,69.8,94,90,2.75,Clouds
126,Kununurra,AU,-15.77,128.73,82.4,22,16,9.17,Clouds
127,Nanortalik,GL,60.14,-45.24,45.82,80,0,1.54,Clear
128,Cabo San Lucas,MX,22.89,-109.91,91.0,59,75,10.29,Clouds
129,Goundam,ML,16.41,-3.67,89.76,49,49,9.01,Clouds
130,Namibe,AO,-15.2,12.15,61.2,87,36,12.91,Clouds
131,Cape Town,ZA,-33.93,18.42,57.0,76,0,8.05,Clear
132,Edd,ER,13.93,41.69,92.32,53,98,5.37,Clouds
133,Grindavik,IS,63.84,-22.43,48.2,76,75,3.36,Clouds
134,Pervomayskoye,RU,43.92,46.71,65.68,87,0,8.03,Clear
135,Saskylakh,RU,71.92,114.08,61.3,46,3,4.92,Clear
136,Arraial Do Cabo,BR,-22.97,-42.03,67.87,85,0,10.42,Clear
137,Saint-Augustin,CA,51.23,-58.65,52.81,69,7,22.28,Clear
138,Sept-Iles,CA,50.2,-66.38,46.99,87,90,11.41,Rain
139,Jaguaquara,BR,-13.53,-39.97,56.23,91,0,3.09,Clear
140,Hobart,AU,-42.88,147.33,54.0,62,75,9.17,Clouds
141,Canmore,CA,51.08,-115.35,73.4,28,1,11.41,Clear
142,Carnarvon,AU,-24.87,113.63,59.0,82,0,6.93,Clear
143,Cap Malheureux,MU,-19.98,57.61,70.0,74,3,8.01,Clear
144,Te Anau,NZ,-45.42,167.72,45.54,76,66,0.6,Clouds
145,Chuy,UY,-33.7,-53.46,61.81,93,98,6.11,Rain
146,Chumikan,RU,54.72,135.31,53.01,94,99,9.1,Clouds
147,Hasaki,JP,35.73,140.83,89.01,83,40,4.7,Clouds
148,Batagay-Alyta,RU,67.8,130.41,47.23,51,1,1.68,Clear
149,Quatre Cocos,MU,-20.21,57.76,71.6,68,75,11.41,Rain
150,Juruti,BR,-2.15,-56.09,84.16,51,41,2.64,Clouds
151,Kahului,US,20.89,-156.47,91.4,41,40,28.86,Clouds
152,Westport,US,41.14,-73.36,77.0,31,1,11.41,Clear
153,Bilma,NE,18.69,12.92,89.19,38,99,8.61,Clouds
154,Dikson,RU,73.51,80.55,44.2,100,100,5.59,Rain
155,East Wenatchee Bench,US,47.43,-120.28,88.0,13,1,5.82,Clear
156,Kapaa,US,22.08,-159.32,84.99,70,75,12.75,Rain
157,Kenai,US,60.55,-151.26,55.99,82,90,4.7,Rain
158,Abapo,BO,-18.83,-63.47,73.33,55,0,5.21,Clear
159,Hithadhoo,MV,-0.6,73.08,82.76,63,94,2.95,Clouds
160,Manono,CD,-7.3,27.42,76.08,52,62,0.58,Clouds
161,Saldanha,ZA,-33.01,17.94,48.2,81,0,4.7,Clear
162,Bambous Virieux,MU,-20.34,57.76,71.6,68,75,11.41,Rain
163,Tiksi,RU,71.69,128.87,44.11,66,9,8.5,Clear
164,Upernavik,GL,72.79,-56.15,43.14,69,98,6.17,Clouds
165,Prince Rupert,CA,54.32,-130.32,60.8,77,20,4.7,Clouds
166,Noyabrsk,RU,63.2,75.45,50.16,88,1,6.02,Clear
167,Riyadh,SA,24.69,46.72,84.2,26,69,3.71,Clouds
168,Paderborn,DE,51.72,8.75,57.99,87,90,10.29,Rain
169,Nikolskoye,RU,59.7,30.79,55.99,76,94,4.47,Clouds
170,Yellowknife,CA,62.46,-114.35,57.2,93,75,8.34,Rain
171,Ternate,ID,0.8,127.4,82.06,73,6,7.54,Clear
172,Yuxia,CN,34.06,108.63,77.0,93,0,4.47,Clear
173,Palana,RU,59.12,159.97,50.27,70,100,19.46,Clouds
174,Hazorasp,UZ,41.32,61.07,57.2,71,0,2.24,Clear
175,Egvekinot,RU,66.32,-179.17,48.88,69,86,5.41,Clouds
176,Floresta,BR,-8.6,-38.57,72.25,65,21,17.9,Clouds
177,Atar,MR,20.52,-13.05,96.08,33,39,3.13,Rain
178,Gat,IL,31.61,34.76,77.0,78,0,2.42,Clear
179,Armizonskoye,RU,55.95,67.67,50.23,92,0,4.59,Clear
180,Alofi,NU,-19.06,-169.92,78.8,65,75,10.29,Clouds
181,Yokadouma,CM,3.52,15.05,69.06,95,59,1.88,Clouds
182,Lata,PT,40.16,-8.33,70.0,88,7,3.0,Clear
183,Longyearbyen,SJ,78.22,15.64,39.2,69,75,10.29,Rain
184,Mecca,SA,21.43,39.83,88.84,20,41,4.68,Clouds
185,Jamestown,US,42.1,-79.24,72.0,88,90,6.93,Clouds
186,Mount Gambier,AU,-37.83,140.77,50.0,87,75,12.75,Clouds
187,Nuevo Laredo,MX,27.48,-99.52,100.4,31,40,5.82,Clouds
188,Villa Guerrero,MX,18.87,-99.65,80.6,61,75,5.82,Clouds
189,Phuthaditjhaba,ZA,-28.52,28.82,46.85,79,99,4.21,Rain
190,Idrinskoye,RU,54.37,92.14,49.95,89,44,3.06,Clouds
191,Melaka,MY,2.2,102.24,75.2,94,20,3.53,Clouds
192,Fairbanks,US,64.84,-147.72,57.99,87,90,5.82,Rain
193,Meulaboh,ID,4.14,96.13,76.57,87,28,3.94,Clouds
194,Coruripe,BR,-10.13,-36.18,71.37,74,1,8.75,Clear
195,Castro,BR,-24.79,-50.01,52.18,84,0,4.5,Clear
196,Foca,TR,38.67,26.76,77.0,68,0,11.41,Clear
197,Alice Springs,AU,-23.7,133.88,75.0,22,0,11.41,Clear
198,Maputo,MZ,-25.97,32.59,64.0,67,20,13.87,Clouds
199,Bibiani,GH,6.46,-2.32,68.9,99,34,2.35,Clouds
200,Trincomalee,LK,8.57,81.23,80.15,80,87,14.94,Clouds
201,Thunder Bay,CA,48.4,-89.32,64.99,100,90,3.36,Clouds
202,Tura,IN,25.52,90.22,75.33,87,79,5.23,Clouds
203,Aklavik,CA,68.22,-135.01,60.8,36,20,8.05,Clouds
204,Huarmey,PE,-10.07,-78.15,62.71,83,47,9.82,Clouds
205,Baghdad,IQ,33.34,44.4,82.4,37,0,4.7,Clear
206,Ulladulla,AU,-35.35,150.47,55.99,47,19,14.99,Clouds
207,Chawinda,PK,32.35,74.71,80.6,94,75,6.93,Thunderstorm
208,Dingle,PH,11.0,122.67,80.8,79,29,2.98,Clouds
209,Nishihara,JP,26.18,127.76,82.4,88,75,11.41,Rain
210,Bustamante,MX,26.53,-100.5,91.36,38,48,6.22,Clouds
211,Druzhnaya Gorka,RU,59.28,30.14,55.99,76,82,4.47,Clouds
212,Arlit,NE,18.74,7.39,89.04,39,98,5.97,Clouds
213,Ereymentau,KZ,51.62,73.1,56.08,95,28,6.96,Clouds
214,Itarema,BR,-2.92,-39.92,77.79,80,0,13.29,Clear
215,Almaznyy,RU,48.04,40.05,59.0,62,56,4.47,Clouds
216,Astana,KZ,51.18,71.45,57.2,76,47,6.71,Clouds
217,Yangambi,CD,0.81,24.43,70.03,97,23,1.77,Clouds
218,Kruisfontein,ZA,-34.0,24.73,55.99,74,70,3.0,Clouds
219,Shitanjing,CN,39.23,106.34,71.65,34,13,3.0,Clouds
220,Tiverton,GB,50.9,-3.48,55.0,93,100,2.24,Clouds
221,Pangoa,PE,-12.12,-73.0,71.2,77,66,2.66,Clouds
222,Port Blair,IN,11.67,92.75,81.55,81,78,9.35,Clouds
223,Flinders,AU,-34.58,150.86,57.99,56,19,4.0,Clouds
224,Maceio,BR,-9.67,-35.74,71.6,83,20,3.36,Clouds
225,Bagdarin,RU,54.43,113.6,54.32,71,10,1.95,Clear
226,Jaciara,BR,-15.97,-54.97,79.86,36,13,1.19,Clouds
227,Ascension,US,30.22,-90.9,80.6,88,40,8.05,Thunderstorm
228,San Matias,BO,-16.37,-58.4,89.17,32,21,4.54,Clouds
229,Muros,ES,42.78,-9.06,68.0,96,15,5.01,Clouds
230,Ranong,TH,9.97,98.63,77.0,94,20,4.92,Clouds
231,Baykit,RU,61.67,96.37,55.29,65,100,3.02,Clouds
232,Provideniya,RU,64.38,-173.3,57.2,67,75,4.47,Clouds
233,Oksfjord,NO,70.24,22.35,46.4,70,99,9.17,Clouds
234,Constitucion,CL,-35.33,-72.42,49.82,89,36,6.11,Clouds
235,Manuk Mangkaw,PH,4.8,119.85,84.16,72,19,8.68,Rain
236,Erenhot,CN,43.65,111.98,74.8,36,0,10.02,Clear
237,Bubaque,GW,11.28,-15.83,80.13,82,100,17.11,Rain
238,Vilyuysk,RU,63.76,121.62,53.51,45,0,2.86,Clear
239,Lotofaga,WS,-13.98,-171.86,87.8,70,75,9.17,Clouds
240,Mananjary,MG,-21.22,48.33,68.58,90,8,8.48,Clear
241,Codajas,BR,-3.84,-62.06,79.52,65,67,0.81,Clouds
242,Shakawe,BW,-18.37,21.85,64.65,28,5,4.5,Clear
243,Natal,BR,-5.79,-35.21,77.0,73,20,13.87,Clouds
244,Makat,KZ,47.65,53.35,73.9,30,28,3.94,Clouds
245,Wolfville,CA,45.08,-64.37,62.6,48,75,18.34,Clouds
246,Kulhudhuffushi,MV,6.62,73.07,81.79,75,100,13.22,Clouds
247,Launceston,AU,-41.45,147.17,53.01,81,75,16.11,Clouds
248,Khatanga,RU,71.97,102.5,58.1,58,14,5.26,Clouds
249,Broome,US,42.25,-75.83,68.0,63,75,6.93,Clouds
250,Agropoli,IT,40.35,15.0,75.99,69,0,3.0,Clear
251,Biggar,GB,55.62,-3.52,53.01,10,42,1.01,Clouds
252,Marsa Matruh,EG,31.35,27.25,77.2,82,0,9.37,Clear
253,Belaya Gora,RU,68.53,146.42,48.58,62,84,6.24,Clouds
254,Minab,IR,27.15,57.08,87.8,79,56,2.24,Clouds
255,Harindanga,IN,22.04,88.32,78.8,100,75,5.82,Thunderstorm
256,Ajdabiya,LY,30.76,20.23,72.55,88,0,8.01,Clear
257,Mahebourg,MU,-20.41,57.7,71.6,68,75,11.41,Rain
258,Igrim,RU,63.19,64.42,50.49,97,26,2.33,Clouds
259,Mayor Pablo Lagerenza,PY,-19.93,-60.77,86.65,28,0,9.1,Clear
260,Sorland,NO,67.67,12.69,49.8,68,94,14.38,Clouds
261,Maturin,VE,9.75,-63.18,75.38,93,64,4.9,Clouds
262,Kathu,TH,7.92,98.33,84.99,94,20,2.24,Clouds
263,Kargat,RU,55.2,80.28,52.47,97,44,4.56,Clouds
264,Cozumel,MX,20.51,-86.95,80.01,88,75,3.36,Clouds
265,Larsnes,NO,62.2,5.58,54.0,82,22,8.32,Clouds
266,Tual,ID,-5.67,132.75,79.84,83,38,22.21,Clouds
267,Novyy Urengoy,RU,66.08,76.63,52.03,85,0,3.6,Clear
268,Lorengau,PG,-2.02,147.27,84.33,74,48,7.18,Rain
269,Villarrica,PY,-25.75,-56.43,73.45,57,0,8.3,Clear
270,Ucluelet,CA,48.93,-125.55,66.2,77,40,11.41,Clouds
271,Dedougou,BF,12.47,-3.47,74.77,92,80,3.22,Clouds
272,Katsuura,JP,35.13,140.3,89.01,94,75,8.05,Rain
273,Puerto Penasco,MX,31.32,-113.53,91.99,77,1,7.0,Clear
274,Deputatskiy,RU,69.3,139.9,39.87,71,73,4.83,Clouds
275,Vardo,NO,70.37,31.11,48.2,87,75,16.11,Clouds
276,Athabasca,CA,54.72,-113.29,65.64,65,41,7.23,Rain
277,Tocopilla,CL,-22.09,-70.2,64.24,62,7,10.67,Clear
278,Vila Franca Do Campo,PT,37.72,-25.43,75.2,94,75,10.29,Rain
279,La Ronge,CA,55.1,-105.28,68.0,56,40,8.05,Clouds
280,Pedernales,DO,18.04,-71.74,83.41,73,21,3.4,Clouds
281,Bahia Blanca,AR,-38.72,-62.27,51.37,85,92,10.65,Clouds
282,Thompson,CA,55.74,-97.86,57.2,76,90,8.05,Clouds
283,Maues,BR,-3.38,-57.72,85.24,50,82,2.04,Clouds
284,Pitimbu,BR,-7.47,-34.81,73.4,83,20,6.93,Clouds
285,Axim,GH,4.87,-2.24,74.21,91,84,6.51,Clouds
286,Wellington,NZ,-41.29,174.78,55.4,62,85,5.82,Rain
287,Isangel,VU,-19.55,169.27,73.65,75,97,19.01,Clouds
288,Soure,BR,-0.72,-48.52,79.81,83,43,11.18,Clouds
289,Kayerkan,RU,69.35,87.76,53.6,93,77,4.47,Clouds
290,Rojhan,PK,28.69,69.95,85.35,73,71,10.85,Rain
291,Popovo,BG,43.35,26.23,59.0,100,40,3.36,Clouds
292,Tungor,RU,53.38,142.96,56.25,78,66,7.07,Clouds
293,Katobu,ID,-4.94,122.53,81.1,64,74,7.63,Clouds
294,Cache Creek,CA,50.81,-121.32,73.0,37,1,5.82,Clear
295,Salinas,US,36.68,-121.66,64.4,72,90,13.87,Clouds
296,Oxford,GB,51.75,-1.26,55.99,93,100,2.24,Clouds
297,Aloleng,PH,16.13,119.78,83.73,78,100,12.24,Clouds
298,Biltine,TD,14.53,20.92,78.21,79,90,4.52,Clouds
299,Never,FR,46.99,3.16,53.01,89,66,1.66,Clouds
300,Northam,GB,51.03,-4.22,57.0,93,100,3.0,Clouds
301,Pisco,PE,-13.7,-76.22,63.0,82,75,14.99,Clouds
302,Susaki,JP,33.37,133.28,84.2,79,75,4.7,Rain
303,Maralal,KE,1.1,36.7,57.2,87,23,5.06,Clouds
304,Tezu,IN,27.92,96.17,77.43,75,0,2.73,Clear
305,Porto Santo,PT,33.07,-16.34,73.4,83,20,11.41,Clouds
306,Rio Grande,BR,-32.03,-52.1,64.0,84,99,4.0,Clouds
307,Tautira,PF,-17.73,-149.15,84.2,66,20,12.75,Clouds
308,Yumen,CN,40.28,97.2,58.35,34,53,13.98,Clouds
309,Bengkulu,ID,-3.8,102.27,74.86,86,41,5.48,Clouds
310,Santa Cruz,BO,-17.8,-63.17,77.0,69,7,11.41,Clear
311,Samarai,PG,-10.62,150.67,78.03,87,100,17.45,Rain
312,Burghead,GB,57.7,-3.49,52.0,81,53,3.36,Clouds
313,Vao,NC,-22.67,167.48,66.74,67,62,19.86,Clouds
314,Meiganga,CM,6.52,14.3,64.78,94,76,0.81,Clouds
315,Lieksa,FI,63.32,30.02,49.21,84,56,9.42,Clouds
316,Hohhot,CN,40.81,111.65,59.0,87,0,4.47,Clear
317,Ketchikan,US,55.34,-131.65,60.8,77,75,6.93,Clouds
318,Luanda,AO,-8.84,13.23,71.6,88,75,9.17,Clouds
319,Ecully,FR,45.78,4.77,69.8,56,50,5.82,Clouds
320,Pyaozerskiy,RU,65.83,31.17,47.79,89,100,4.81,Rain
321,Siyabuswa,ZA,-25.11,29.04,54.75,85,34,10.85,Clouds
322,Kyren,RU,51.68,102.14,55.71,83,100,1.41,Rain
323,Arkhangelsk,RU,64.54,40.54,51.8,93,75,6.71,Clouds
324,Sinnamary,GF,5.38,-52.95,80.19,82,9,7.0,Clear
325,Strezhevoy,RU,60.73,77.59,50.0,100,0,2.24,Clear
326,Luangwa,ZM,-15.62,30.42,67.62,46,2,2.86,Clear
327,Lakes Entrance,AU,-37.88,147.98,61.0,53,25,5.99,Clouds
328,Nampula,MZ,-15.12,39.27,66.2,88,0,11.41,Clear
329,Cayenne,GF,4.93,-52.33,80.6,88,9,4.7,Clear
330,Skara,SE,58.39,13.44,57.2,76,83,4.7,Clouds
331,Mbour,SN,14.42,-16.96,75.2,94,20,3.36,Clouds
332,Misratah,LY,32.38,15.09,78.91,73,0,7.23,Clear
333,Fort Payne,US,34.44,-85.72,82.4,83,1,4.34,Clear
334,Aitape,PG,-3.14,142.35,84.7,66,58,2.77,Rain
335,Beauchamps,FR,50.01,1.52,53.01,78,99,7.67,Clouds
336,Cairns,AU,-16.92,145.77,78.8,47,40,17.22,Clouds
337,Zhezkazgan,KZ,47.8,67.71,63.12,39,12,4.21,Clouds
338,Konya,TR,38.17,32.5,73.4,35,9,9.17,Clear
339,Bartica,GY,6.4,-58.62,80.6,83,75,4.7,Clouds
340,Ust-Barguzin,RU,53.45,108.98,58.71,69,48,9.35,Clouds
341,Acarau,BR,-2.89,-40.12,77.4,81,0,12.24,Clear
342,Dawei,MM,14.08,98.2,77.05,86,99,2.28,Clouds
343,Norman Wells,CA,65.28,-126.83,59.0,77,75,18.34,Clouds
344,Kiboga,UG,0.92,31.77,62.58,94,0,1.21,Clear
345,Wakkanai,JP,45.41,141.67,73.4,94,75,4.7,Clouds
346,Uyar,RU,55.81,94.32,49.77,92,93,5.61,Clouds
347,Puerto Escondido,MX,15.85,-97.07,73.4,56,90,8.05,Clouds
348,Kysyl-Syr,RU,63.9,122.76,54.97,44,0,2.46,Clear
349,Krasnyy Yar,RU,46.53,48.35,60.8,82,0,6.71,Clear
350,Yayva,RU,59.33,57.26,53.01,100,100,6.46,Clouds
351,Katherine,AU,-14.47,132.27,78.8,31,18,11.41,Clouds
352,Port Macquarie,AU,-31.43,152.92,63.0,65,0,1.99,Clear
353,Salto,UY,-31.38,-57.97,73.99,60,88,7.0,Rain
354,Salym,RU,60.06,71.48,48.87,94,22,3.49,Clouds
355,Taonan,CN,45.33,122.78,74.84,66,100,8.34,Clouds
356,Paamiut,GL,61.99,-49.67,43.75,78,23,4.88,Clouds
357,Mobaye,CF,4.32,21.18,69.6,96,63,1.66,Clouds
358,Saint George,US,37.1,-113.58,104.0,13,1,10.29,Clear
359,Wiang Sa,TH,8.64,99.37,77.0,100,20,3.36,Clouds
360,Corocito,HN,15.75,-85.78,80.69,70,99,3.09,Clouds
361,Bandarbeyla,SO,9.49,50.81,76.3,78,100,28.25,Clouds
362,Udachnyy,RU,66.42,112.4,51.8,53,40,4.47,Haze
363,Alcaniz,ES,41.05,-0.13,71.01,91,0,2.06,Clear
364,Lokosovo,RU,61.13,74.82,48.85,91,1,3.83,Clear
365,Port Hardy,CA,50.7,-127.42,64.4,77,40,6.93,Clouds
366,Ciudad Guayana,VE,8.35,-62.65,75.99,90,93,1.99,Clouds
367,High Level,CA,58.52,-117.14,68.0,49,75,9.17,Clouds
368,Kieta,PG,-6.22,155.63,85.78,66,2,6.29,Rain
369,Mercedes,AR,-34.65,-59.43,61.0,89,74,5.01,Clouds
370,La Asuncion,VE,11.03,-63.86,86.0,70,35,14.99,Rain
371,Kutum,SD,14.2,24.67,76.51,66,35,7.76,Clouds
372,Nakatsu,JP,33.6,131.19,82.4,78,75,12.75,Clouds
373,Ormara,PK,25.21,64.64,82.78,86,74,18.99,Clouds
374,Iqaluit,CA,63.75,-68.51,44.6,87,40,1.1,Clouds
375,Nisia Floresta,BR,-6.09,-35.21,77.0,73,20,13.87,Clouds
376,Ulaanbaatar,MN,47.91,106.88,51.8,87,75,6.71,Clouds
377,Sterling,US,39.01,-77.43,82.99,58,75,5.82,Clouds
378,Xichang,CN,27.9,102.26,63.7,77,13,1.39,Clouds
379,Springdale,US,36.19,-94.13,78.8,83,20,4.7,Clouds
380,Sembe,CG,1.65,14.58,70.92,87,98,2.15,Clouds
381,Shiraoi,JP,42.55,141.35,79.0,100,75,8.05,Mist
382,Marystown,CA,47.17,-55.15,61.0,100,28,5.99,Clouds
383,Humaita,BR,-7.51,-63.02,81.19,54,77,0.56,Clouds
384,Guarapari,BR,-20.67,-40.5,69.8,83,20,13.87,Clouds
385,Dakar,SN,14.69,-17.44,78.8,94,40,9.17,Clouds
386,Aleksandrov Gay,RU,50.15,48.57,69.44,41,83,8.99,Clouds
387,Blagoyevo,RU,63.37,47.92,56.43,95,100,5.35,Clouds
388,Bermejo,AR,-32.88,-68.8,48.2,76,20,2.24,Clouds
389,Zverinogolovskoye,RU,54.46,64.85,55.56,91,27,3.62,Clouds
390,Port Augusta,AU,-32.5,137.77,60.8,34,0,10.29,Clear
391,Ankpa,NG,7.37,7.63,71.46,93,99,2.8,Clouds
392,Kabo,CF,7.7,18.63,70.48,93,95,0.65,Rain
393,Mizan Teferi,ET,6.98,35.58,61.0,87,84,2.33,Clouds
394,Olafsvik,IS,64.89,-23.71,50.25,68,99,6.69,Clouds
395,Ponta Do Sol,PT,32.67,-17.1,78.01,39,0,4.61,Clear
396,Shanhetun,CN,44.7,127.2,68.61,96,100,8.95,Rain
397,Sheltozero,RU,61.37,35.37,50.68,79,18,10.11,Clouds
398,The Valley,AI,18.22,-63.06,84.2,74,40,13.87,Clouds
399,Oktyabrskiy,RU,54.48,53.47,60.82,80,47,6.15,Clouds
400,Obihiro,JP,42.92,143.2,75.2,78,20,1.12,Clouds
401,Soroca,MD,48.16,28.3,55.99,91,17,4.27,Clouds
402,Bowen,AU,-20.02,148.23,69.8,64,90,12.75,Clouds
403,San Patricio,MX,19.22,-104.7,82.4,88,90,23.04,Clouds
404,Dudinka,RU,69.41,86.18,53.6,93,99,4.47,Clouds
405,Berdigestyakh,RU,62.1,126.7,55.63,42,0,3.8,Clear
406,Peniche,PT,39.36,-9.38,71.01,94,6,10.0,Clear
407,Sisimiut,GL,66.94,-53.67,47.88,72,42,1.66,Clouds
408,Along,IN,28.17,94.77,73.27,86,12,1.3,Clouds
409,Mataram,ID,-8.58,116.12,77.0,83,20,10.29,Clouds
410,Hobbs,US,32.7,-103.14,93.2,17,20,9.17,Clouds
411,Saint-Georges,GD,12.06,-61.75,84.2,74,40,13.87,Clouds
412,Nacala,MZ,-14.54,40.67,70.81,92,2,3.74,Clear
413,Aksarka,RU,66.56,67.8,50.22,95,9,6.08,Clear
414,Marabba,SD,12.35,32.18,78.04,75,100,20.45,Rain
415,Marihatag,PH,8.79,126.3,82.11,80,100,4.18,Clouds
416,Mackay,AU,-21.15,149.2,69.8,68,40,12.75,Clouds
417,Nchelenge,ZM,-9.35,28.73,75.58,51,51,5.1,Clouds
418,Bulgan,MN,48.81,103.53,48.58,86,100,5.28,Rain
419,Broken Hill,AU,-31.95,141.43,57.2,33,0,8.05,Clear
420,Nuuk,GL,64.18,-51.72,51.01,81,22,3.36,Clouds
421,Baiyin,CN,36.56,104.21,64.0,71,20,6.71,Clouds
422,Vuktyl,RU,63.86,57.31,48.76,91,98,6.89,Clouds
423,Alekseyevsk,RU,57.84,108.35,56.43,56,1,5.19,Clear
424,Palmer,US,42.16,-72.33,69.8,35,40,10.29,Clouds
425,Asau,RO,46.43,26.4,66.0,82,53,2.24,Clouds
426,Solnechnyy,RU,50.72,136.63,67.77,72,100,2.19,Clouds
427,Waipawa,NZ,-41.41,175.52,55.4,62,48,5.82,Rain
428,Guangshui,CN,31.62,114.0,74.68,83,3,5.61,Clear
429,Novoagansk,RU,61.94,76.66,50.5,88,0,5.61,Clear
430,Sukagawa,JP,37.28,140.38,82.0,83,40,10.29,Clouds
431,Zhanakorgan,KZ,43.91,67.25,63.79,68,2,7.99,Clear
432,Ambanja,MG,-13.68,48.45,71.08,87,62,1.72,Rain
433,Shiyan,CN,32.65,110.78,74.93,70,1,0.49,Clear
434,Chemax,MX,20.65,-87.93,83.25,73,65,6.02,Clouds
435,Pochutla,MX,15.74,-96.47,80.6,74,90,11.41,Clouds
436,Meadow Lake,US,34.8,-106.54,93.2,14,1,9.17,Thunderstorm
437,Qaqortoq,GL,60.72,-46.03,50.0,61,0,5.82,Clear
438,Taiyuan,CN,37.87,112.56,62.6,82,0,2.24,Clear
439,Alibag,IN,18.64,72.88,82.4,83,75,6.93,Haze
440,Springbok,ZA,-29.66,17.89,42.1,98,0,3.36,Clear
441,Vanimo,PG,-2.67,141.3,83.86,66,63,6.46,Rain
442,Nemuro,JP,43.32,145.57,75.2,83,40,5.82,Clouds
443,Shingu,JP,33.73,135.98,84.2,70,40,5.82,Clouds
444,Leh,IN,34.17,77.58,57.24,51,3,4.65,Rain
445,Port Arthur,CN,38.8,121.27,75.2,94,75,11.18,Clouds
446,Berlevag,NO,70.86,29.09,46.33,81,87,5.5,Clouds
447,Gayeri,BF,12.65,0.49,74.62,90,80,8.28,Clouds
448,Petropavlovsk-Kamchatskiy,RU,53.05,158.65,53.6,100,75,6.71,Clouds
449,Kamenka,RU,51.32,42.77,60.22,46,0,3.53,Clear
450,Panaba,MX,21.28,-88.27,85.12,69,71,14.5,Clouds
451,Ust-Tsilma,RU,65.44,52.15,56.12,82,100,11.92,Rain
452,San Quintin,MX,30.48,-115.95,75.74,68,64,15.88,Rain
453,Ouidah,BJ,6.36,2.09,75.2,94,20,9.17,Clouds
454,Romny,UA,50.75,33.47,57.88,77,93,5.44,Clouds
455,Bichena,ET,10.45,38.2,52.57,90,79,2.95,Rain
456,Sola,VU,-13.88,167.55,80.44,78,34,21.47,Clouds
457,Badvel,IN,14.75,79.05,80.37,70,100,2.46,Clouds
458,Yulara,AU,-25.24,130.99,64.4,27,1,11.41,Clear
459,Balabac,PH,7.99,117.06,84.58,67,69,4.18,Clouds
460,Zhangye,CN,38.93,100.45,65.12,27,83,9.6,Clouds
461,Ilulissat,GL,69.22,-51.1,41.0,79,3,4.59,Clear
462,Jinka,ET,5.65,36.65,64.74,75,38,2.62,Clouds
463,Flin Flon,CA,54.77,-101.86,68.0,60,40,6.93,Clouds
464,Dharchula,IN,29.85,80.53,68.92,70,95,2.35,Clouds
465,Geraldton,AU,-28.77,114.6,48.2,93,0,6.93,Clear
466,Sampit,ID,-2.53,112.95,78.33,73,66,6.33,Clouds
467,Kushmurun,KZ,52.45,64.63,59.68,87,16,4.12,Clouds
468,Shumyachi,RU,53.86,32.42,54.97,87,39,8.23,Clouds
469,Sidi Ali,DZ,36.1,0.42,71.82,86,0,5.79,Clear
470,Pacasmayo,PE,-7.4,-79.57,62.38,83,37,14.32,Clouds
471,Nouadhibou,MR,20.93,-17.03,78.8,78,68,3.36,Clouds
472,Chicama,PE,-7.84,-79.15,62.58,80,72,6.38,Clouds
473,Campbell River,CA,50.02,-125.24,75.2,41,75,9.17,Clouds
474,Manokwari,ID,-0.87,134.08,83.55,66,87,7.27,Clouds
475,Isla Vista,US,34.41,-119.86,80.01,73,1,9.17,Clear
476,Ndele,CF,8.41,20.65,70.79,94,100,2.46,Clouds
477,Nizwa,OM,22.93,57.53,85.68,55,33,3.02,Clouds
478,Shenjiamen,CN,29.96,122.3,80.55,84,33,10.0,Rain
479,Businga,CD,3.33,20.88,70.95,95,89,1.88,Clouds
480,Soto La Marina,MX,23.77,-98.22,88.0,72,62,5.99,Clouds
481,Mezen,RU,65.85,44.24,54.5,95,100,9.13,Clouds
482,Alyangula,AU,-13.85,136.42,80.6,44,18,10.29,Clouds
483,Paciran,ID,-6.88,112.38,75.43,77,90,8.9,Clouds
484,Lagoa,PT,39.05,-27.98,73.83,90,86,4.72,Clouds
485,Rovaniemi,FI,66.5,25.72,46.4,87,87,6.93,Clouds
486,Charlestown,AU,-32.95,151.67,60.01,58,23,7.18,Clouds
487,Dubai,AE,25.26,55.3,95.0,44,29,9.17,Clouds
488,Mount Vernon,US,40.91,-73.84,75.0,43,1,8.05,Clear
489,Chapais,CA,49.78,-74.85,51.8,53,75,10.29,Clouds
490,Marsaxlokk,MT,35.84,14.54,79.0,83,7,4.7,Clear
491,Nurota,UZ,40.56,65.69,59.0,62,0,4.7,Clear
492,Taos,US,36.41,-105.57,71.6,49,75,17.22,Clouds
493,Tuatapere,NZ,-46.13,167.68,45.0,72,89,11.01,Rain
494,Tralee,IE,52.27,-9.7,52.34,91,66,4.54,Clouds
495,Hopkinsville,US,36.87,-87.49,84.2,79,20,3.36,Clouds
496,Abbeville,FR,50.1,1.83,55.99,78,100,7.14,Clouds
497,Wasilla,US,61.58,-149.44,64.4,63,20,4.68,Clouds
498,Ballina,AU,-28.87,153.57,64.99,67,1,6.93,Clear
499,Great Yarmouth,GB,52.61,1.73,59.0,98,66,2.95,Clouds
500,Vila,PT,42.03,-8.16,68.0,94,75,3.36,Fog
501,Sur,OM,22.57,59.53,82.81,71,0,9.69,Rain
502,Pietersburg,ZA,-23.9,29.47,57.2,67,0,4.7,Clear
503,Brae,GB,60.4,-1.35,50.0,87,96,12.75,Clouds
504,Palauig,PH,15.44,119.9,83.75,73,93,6.91,Clouds
505,Pangody,RU,65.85,74.49,52.45,83,94,4.79,Clouds
506,Jinxiang,CN,22.86,115.7,84.45,74,80,2.84,Rain
507,Grand Gaube,MU,-20.01,57.66,70.0,74,3,8.01,Clear
508,Shelburne,CA,44.08,-80.2,64.99,88,90,2.73,Rain
509,Ahipara,NZ,-35.17,173.17,55.92,73,15,14.32,Rain
510,Luwuk,ID,-0.95,122.79,79.03,75,92,8.25,Rain
511,Maldonado,UY,-34.67,-54.92,62.6,93,90,11.41,Thunderstorm
512,Sao Joao Da Barra,BR,-21.64,-41.05,67.05,85,8,13.09,Clear
513,Beira,MZ,-19.84,34.84,73.4,94,20,3.36,Clouds
514,Jaumave,MX,23.42,-99.38,95.0,32,5,8.05,Clear
515,Alta Floresta,BR,-9.88,-56.09,81.81,52,75,0.94,Clouds
516,Karratha,AU,-20.74,116.85,81.81,24,0,14.63,Clear
517,Liverpool,GB,53.41,-2.98,57.99,87,77,4.7,Clouds
518,Traverse City,US,44.76,-85.62,86.0,58,75,10.29,Clouds
519,Nioro,GM,13.35,-15.75,75.27,94,100,10.2,Rain
520,Bandar-E Lengeh,IR,26.56,54.88,87.87,68,33,17.52,Clouds
521,Fonte Boa,BR,-2.5,-66.27,79.92,64,42,1.54,Clouds
522,Hare Bay,CA,48.85,-54.01,60.8,93,75,6.93,Rain
523,Coquimbo,CL,-29.95,-71.34,53.6,87,0,10.29,Clear
524,Rocha,UY,-34.48,-54.33,65.07,96,100,4.54,Rain
525,Loiza,PR,18.43,-65.88,84.2,83,20,11.41,Clouds
526,Vanavara,RU,60.34,102.28,52.7,61,86,6.73,Clouds
527,Grand Baie,MU,-20.02,57.58,70.0,74,4,8.01,Clear
528,Najran,SA,17.49,44.13,84.2,25,100,4.7,Clouds
529,Camacha,PT,33.08,-16.33,73.4,83,20,11.41,Clouds
530,Rundu,NA,-17.93,19.77,64.0,28,47,3.8,Clouds
531,Jutai,BR,-5.18,-68.9,78.87,49,3,1.16,Clear
532,Casablanca,MA,33.59,-7.62,82.4,36,26,4.7,Clouds
533,Severnoye,RU,56.35,78.36,54.23,98,100,4.12,Rain
534,Rawson,AR,-43.3,-65.1,48.99,82,88,5.77,Clouds
535,Puerto Narino,CO,-3.77,-70.38,82.4,74,20,1.07,Clouds
536,Puerto Plata,DO,19.79,-70.69,82.99,88,20,9.17,Clouds
537,Dehu,IN,18.72,73.77,69.91,90,97,5.19,Clouds
538,Gusau,NG,12.16,6.66,74.91,86,89,3.49,Rain
539,Poya,NC,-21.35,165.15,72.77,51,29,12.71,Clouds
540,Dunedin,NZ,-45.87,170.5,48.99,82,80,9.84,Rain
541,Carman,CA,49.5,-98.0,73.0,53,19,5.99,Clouds
542,Ambulu,ID,-8.35,113.61,75.51,76,82,3.13,Clouds
543,Cefalu,IT,38.04,14.02,72.0,81,28,3.0,Clouds
544,Pizarro,CO,4.95,-77.37,76.77,83,80,8.23,Clouds
545,Nelson,NZ,-41.28,173.28,55.0,59,95,5.01,Rain
546,Lavrentiya,RU,65.58,-171.0,49.86,77,71,2.44,Clouds
547,Araouane,ML,18.9,-3.53,94.37,34,0,10.42,Clear
548,Guerrero Negro,MX,27.98,-114.06,79.75,64,4,16.69,Clear
549,Langxiang,CN,46.95,128.88,64.9,91,100,2.15,Rain
550,Shimoda,JP,34.67,138.95,78.8,100,75,2.24,Rain
551,Bentiu,SS,9.23,29.83,73.63,88,99,2.91,Clouds
552,Burnie,AU,-41.07,145.92,54.0,73,95,13.0,Rain
553,Castelo Do Piaui,BR,-5.32,-41.55,80.73,45,75,2.71,Clouds
554,Badnawar,IN,23.02,75.22,71.19,96,53,10.96,Clouds
555,Erdaojiang,CN,41.78,126.03,70.32,86,100,13.98,Rain
556,Bridlington,GB,54.08,-0.19,51.8,93,90,2.24,Clouds
557,Manzhouli,CN,49.6,117.43,59.36,69,35,13.51,Clouds
558,Butiama,TZ,-1.77,33.97,65.55,76,28,2.89,Clouds
559,Valkeala,FI,60.94,26.8,51.8,87,90,5.82,Clouds
560,Sanbu,CN,33.46,119.15,72.72,93,93,7.81,Clouds
561,Alvaraes,BR,-3.22,-64.8,84.2,70,40,2.24,Clouds
562,Olinda,BR,-8.01,-34.86,77.0,69,40,16.11,Clouds
563,Kashi,CN,39.45,75.98,84.2,20,75,4.47,Clouds
564,Katima Mulilo,NA,-17.5,24.27,64.4,31,0,2.24,Clear
565,De-Kastri,RU,51.47,140.78,59.14,81,100,4.18,Clouds
566,Milkovo,RU,54.72,158.62,46.26,96,100,6.53,Rain
567,Song Phi Nong,TH,14.22,100.02,76.19,83,99,8.46,Clouds
568,Madang,PG,-5.22,145.8,86.0,58,85,3.53,Clouds
569,Nakusp,CA,50.25,-117.8,73.0,44,6,3.0,Clear
570,Moose Factory,CA,51.26,-80.61,50.0,71,1,8.05,Clear
571,Tarakan,ID,3.3,117.63,79.88,80,52,10.18,Clouds
572,Skibbereen,IE,51.55,-9.27,50.0,100,20,4.7,Clouds
573,Rio Gallegos,AR,-51.62,-69.22,33.8,86,87,5.82,Clouds
574,Vila Velha,BR,-20.33,-40.29,69.8,83,20,13.87,Clouds
575,Taki,IN,22.59,88.92,78.8,100,75,5.82,Thunderstorm
576,Mayumba,GA,-3.43,10.66,74.97,88,100,8.72,Rain
577,Sakaiminato,JP,35.55,133.23,87.8,62,20,8.05,Clouds
578,Lerwick,GB,60.15,-1.15,50.0,87,99,12.75,Clouds
579,Jardim,BR,-21.48,-56.14,75.69,51,0,7.61,Clear
580,Puqi,CN,29.72,113.88,77.72,81,0,2.04,Clear
581,Pitkyaranta,RU,61.57,31.48,54.41,78,17,7.05,Clouds
582,San Jose De Guanipa,VE,8.89,-64.17,79.86,74,57,8.55,Rain
583,Terney,RU,45.05,136.61,75.25,66,79,2.55,Clouds
584,Pahalgam,IN,34.03,75.33,59.79,69,24,1.99,Rain
585,Ankazoabo,MG,-22.28,44.52,63.93,74,19,4.56,Clouds
586,Tadine,NC,-21.55,167.88,70.43,65,32,17.78,Clouds
587,Cruz,BR,-2.92,-40.17,76.62,81,0,10.51,Clear
588,Stillwater,US,36.12,-97.06,84.2,54,1,16.11,Clear
589,Szczecin,PL,53.43,14.55,62.01,97,97,16.17,Clouds
590,Sandane,NO,61.77,6.21,44.01,93,33,1.01,Clouds
591,Greensburg,US,40.3,-79.54,82.4,54,40,8.05,Clouds
592,San Juan,AR,-31.54,-68.54,56.43,42,0,6.02,Clear
593,Mirabad,AF,30.44,61.84,72.0,29,4,21.09,Clear
594,Gualaquiza,EC,-3.4,-78.55,63.93,88,33,1.74,Rain
595,Trairi,BR,-3.28,-39.27,77.95,82,0,12.39,Clear
596,Camacupa,AO,-12.02,17.48,60.33,36,0,3.49,Clear
597,Namatanai,PG,-3.67,152.43,83.08,74,66,6.51,Rain
598,Klaksvik,FO,62.23,-6.59,46.4,87,58,4.7,Clouds
599,Yenagoa,NG,4.92,6.26,74.84,91,89,4.12,Clouds
600,Sambava,MG,-14.27,50.17,68.94,88,20,8.75,Clouds
601,Atikokan,CA,48.76,-91.62,71.46,91,90,8.05,Rain
602,Atherton,GB,53.52,-2.49,54.0,95,64,4.07,Clouds
603,Port Lincoln,AU,-34.73,135.87,58.64,67,0,9.73,Clear
604,Bintulu,MY,3.17,113.03,77.0,94,40,2.24,Clouds
605,Walvis Bay,NA,-22.96,14.51,57.0,87,0,2.24,Clear
606,Tongchuan,CN,35.08,109.09,71.89,64,0,2.24,Clear
607,Esperance,AU,-33.87,121.9,50.0,100,75,10.29,Clouds
608,Maungatapere,NZ,-35.75,174.2,55.49,70,9,8.08,Rain
609,Timmins,CA,48.47,-81.33,59.0,72,75,3.36,Clouds
610,Bontang,ID,0.13,117.5,77.43,87,52,9.78,Clouds
611,Ambon,ID,-3.7,128.18,80.6,83,40,8.05,Clouds
612,Harwich,GB,51.94,1.28,59.0,84,89,1.01,Clouds
613,Windhoek,NA,-22.56,17.08,57.2,49,0,2.24,Clear
614,Koumac,NC,-20.57,164.28,72.81,58,8,9.42,Clear
615,Seminole,US,28.71,-81.21,87.01,84,72,1.01,Clouds
616,Salamina,GR,37.96,23.5,80.01,60,0,5.12,Clear
617,Hovd,MN,48.01,91.64,50.43,57,1,0.89,Clear
618,Sobolevo,RU,54.43,31.9,53.28,90,37,8.84,Clouds
619,Bacungan,PH,9.91,118.7,83.44,69,53,3.94,Clouds
620,Guanica,PR,17.97,-66.91,82.99,75,15,9.91,Clouds
621,Port-Cartier,CA,50.03,-66.87,46.99,87,90,11.41,Rain
622,Chitrakonda,IN,18.12,82.08,71.69,92,100,2.15,Clouds
623,Laguna,US,38.42,-121.42,91.99,29,1,8.05,Haze
624,Semnan,IR,35.57,53.4,68.0,28,0,3.02,Clear
625,Antalaha,MG,-14.9,50.28,67.3,88,13,4.97,Clouds
626,Padang,ID,-0.95,100.35,77.83,74,73,4.09,Clouds
627,Lethem,GY,3.38,-59.8,79.74,72,86,4.94,Clouds
628,Cartagena,CO,10.4,-75.51,84.2,74,75,4.7,Clouds
629,Plettenberg Bay,ZA,-34.05,23.37,53.37,70,15,9.62,Clouds
630,Clyde River,CA,70.47,-68.59,53.6,62,75,3.36,Clouds
631,Le Vauclin,MQ,14.55,-60.84,82.4,83,90,6.93,Clouds
632,Mkushi,ZM,-13.62,29.39,69.21,38,36,9.46,Clouds
633,Shangrao,CN,28.45,117.97,79.16,79,43,0.98,Clouds
634,Agirish,RU,61.92,63.02,49.08,97,0,4.9,Clear
635,Nago,JP,26.59,127.98,82.4,88,40,8.05,Clouds
636,Kompaniyivka,UA,48.25,32.21,62.65,49,99,2.62,Clouds
637,Jawhar,SO,2.78,45.5,74.61,80,69,12.21,Clouds
638,Banamba,ML,13.55,-7.45,75.88,82,94,5.44,Clouds
639,Neryungri,RU,56.67,124.65,45.18,87,99,6.87,Clouds
640,Bereznik,RU,62.86,42.71,49.46,97,100,3.69,Clouds
641,Andenes,NO,69.31,16.12,44.6,93,100,4.7,Clouds
642,Bekhtery,UA,46.25,32.29,67.95,48,73,4.83,Clouds
643,Taclobo,PH,12.31,122.59,84.13,75,28,11.1,Clouds
644,Swan River,CA,52.11,-101.27,68.61,61,37,7.11,Clouds
645,Marawi,PH,8.0,124.29,78.01,89,93,3.0,Clouds
646,Bonga,ET,7.28,36.23,57.76,90,69,1.41,Clouds
647,Oktyabrskoye,RU,43.06,44.74,51.8,93,0,4.47,Clear
648,Kalemie,CD,-5.95,29.19,74.28,55,41,1.54,Clouds
649,Camapua,BR,-19.53,-54.04,82.69,24,1,10.8,Clear
650,Praya,CV,14.92,-23.51,80.6,83,75,6.93,Clouds
651,Iranshahr,IR,27.2,60.68,88.16,41,58,9.57,Clouds
652,Chokwe,MZ,-24.53,32.98,67.42,64,94,10.13,Clouds
653,Baruun-Urt,MN,46.68,113.28,64.69,62,88,15.84,Clouds
654,Dourbali,TD,11.81,15.86,75.81,85,62,7.07,Rain
655,Lynden,US,48.95,-122.45,73.99,56,75,8.05,Clouds
656,Kushima,JP,31.46,131.23,80.6,83,75,4.7,Rain
657,Adrar,MR,20.5,-10.07,94.95,31,41,8.34,Clouds
658,Viedma,AR,-40.81,-63.0,46.99,96,100,1.99,Clouds
659,Batemans Bay,AU,-35.72,150.18,62.01,43,3,1.99,Clear
660,Burgeo,CA,47.62,-57.62,54.97,69,5,13.0,Clear
661,Capitao Poco,BR,-1.75,-47.06,74.95,91,70,7.11,Clouds
662,Den Helder,NL,52.96,4.76,62.01,82,75,6.93,Clouds
663,Touros,BR,-5.2,-35.46,77.0,78,20,9.17,Clouds
664,Barcelos,PT,41.54,-8.62,70.0,100,75,8.05,Fog
665,Gangoh,IN,29.77,77.25,79.41,83,64,1.01,Clouds
666,Tshikapa,CD,-6.42,20.8,76.78,75,57,4.23,Clouds
667,Ugoofaaru,MV,5.67,73.0,82.54,72,100,10.69,Clouds
668,Jalu,LY,29.03,21.55,77.63,65,0,11.48,Clear
669,Kropotkin,RU,45.44,40.58,64.04,46,25,4.81,Clouds
670,Niigata,JP,37.9,139.02,89.6,66,20,4.7,Clouds
671,Newport,GB,51.59,-3.0,60.01,88,100,5.75,Clouds
672,Bonavista,CA,48.65,-53.11,62.01,75,100,13.67,Clouds
673,Roma,US,43.21,-75.46,62.6,51,1,11.41,Clear
674,Lahat,ID,-3.8,103.53,69.66,73,33,2.3,Clouds
675,Punta Cardon,VE,11.66,-70.22,84.22,72,12,27.38,Clouds
676,Santa Isabel Do Rio Negro,BR,-0.41,-65.02,75.15,92,66,1.1,Clouds
677,Brnakot,AM,39.5,45.97,62.6,55,0,4.7,Clear
678,Miri,MY,4.41,114.01,77.0,94,40,3.36,Clouds
679,Pokhara,NP,28.23,83.98,71.71,83,97,0.58,Clouds
680,Port-Gentil,GA,-0.72,8.78,77.0,94,90,15.03,Clouds
681,Opuwo,NA,-18.06,13.84,57.83,51,44,6.06,Clouds
682,Boralday,KZ,43.36,76.86,55.4,87,90,2.77,Rain
683,Les Cayes,HT,18.2,-73.75,80.37,81,4,4.27,Clear
684,Buritis,BR,-15.62,-46.42,66.13,26,11,2.26,Clouds
685,La Cruz,MX,23.92,-106.9,90.0,72,0,5.01,Clear
686,Buala,SB,-8.14,159.59,83.97,75,89,11.14,Rain
687,Caravelas,BR,-17.71,-39.25,71.26,79,0,13.2,Clear
688,Matagami,CA,49.75,-77.63,55.4,54,1,5.26,Clear
689,Raahe,FI,64.68,24.48,44.6,100,60,3.36,Rain
690,Tomatlan,MX,19.93,-105.25,82.42,80,78,7.52,Rain
691,Muisne,EC,0.6,-80.03,77.0,83,75,11.41,Clouds
692,Upata,VE,8.01,-62.4,75.99,90,94,1.99,Clouds
693,Grand-Santi,GF,4.25,-54.38,76.68,84,85,2.1,Rain
694,Sirjan,IR,29.45,55.68,67.01,65,82,3.44,Clouds
695,Hualmay,PE,-11.1,-77.61,62.1,85,50,11.77,Clouds
696,Fernie,CA,49.5,-115.07,80.6,19,40,9.17,Clouds
697,Lazaro Cardenas,MX,17.96,-102.2,76.5,91,100,9.62,Rain
698,Oranjemund,NA,-28.55,16.43,53.1,95,11,2.13,Clouds
699,Knysna,ZA,-34.04,23.05,48.2,76,7,10.29,Clear
700,Lasa,IT,46.62,10.7,57.2,58,40,4.7,Clouds
701,Umm Kaddadah,SD,13.6,26.69,86.65,48,59,8.25,Clouds
702,Perevolotskiy,RU,51.88,54.19,65.01,75,12,5.28,Clouds
703,Nadym,RU,65.53,72.52,51.31,84,27,5.08,Clouds
704,Dharampuri,IN,22.17,75.35,75.25,88,99,6.93,Clouds
705,Bermeo,ES,43.42,-2.72,71.01,94,32,4.7,Clouds
706,Lakselv,NO,70.05,24.97,44.6,75,100,14.99,Clouds
707,Antsohihy,MG,-14.88,47.99,66.25,77,2,3.6,Clear
708,Avera,US,33.19,-82.53,80.6,88,1,4.7,Clear
709,Cabo Rojo,PR,18.09,-67.15,82.99,87,24,10.69,Rain
710,Fort Saint James,CA,54.43,-124.25,59.83,71,49,6.42,Rain
711,Adra,ES,36.75,-3.02,78.8,83,3,1.12,Clear
712,Korla,CN,41.76,86.15,72.66,25,38,14.94,Clouds
713,Mana,GF,5.66,-53.78,79.25,87,2,6.35,Clear
714,Inhambane,MZ,-23.86,35.38,70.2,78,54,10.63,Clouds
715,Batagay,RU,67.63,134.63,50.09,48,97,2.37,Clouds
716,Manjakandriana,MG,-18.92,47.8,53.6,93,20,5.82,Clouds
717,Hirara,JP,24.8,125.28,86.0,89,75,12.75,Rain
718,Porto Novo,BJ,6.5,2.6,75.2,94,20,9.17,Clouds
719,Zhaotong,CN,27.32,103.72,62.67,81,0,3.22,Clear
720,Rabo De Peixe,PT,37.8,-25.58,75.2,94,75,10.29,Rain
721,Dauphin,CA,51.15,-100.05,73.4,60,1,9.17,Clear
722,Ler,SS,8.3,30.14,73.47,88,82,1.57,Rain
723,Smithers,CA,54.78,-127.17,62.6,55,40,3.36,Clouds
724,Gorgan,IR,36.84,54.43,62.6,88,0,4.7,Clear
725,Hwange,ZW,-18.37,26.5,62.44,30,0,2.64,Clear
726,Chingirlau,KZ,51.09,54.08,67.8,44,12,3.31,Clouds
727,Taoudenni,ML,22.68,-3.98,99.82,13,18,6.29,Clouds
728,Bathsheba,BB,13.22,-59.52,82.4,83,40,11.41,Clouds
729,Tekeli,KZ,44.83,78.82,48.31,83,100,3.89,Rain
730,Arman,RU,59.7,150.17,58.17,43,24,2.71,Clouds
731,Coracora,PE,-15.03,-73.78,47.68,63,72,3.18,Clouds
732,Dzhebariki-Khaya,RU,62.22,135.8,58.5,47,31,1.99,Clouds
733,Anloga,GH,5.79,0.9,75.2,94,20,5.82,Clouds
